hist.tmean.98th,hist.anomalies.tmean,recent.percent.tmean.anomaly,hist.above.prcp.98th,hist.anomalies.above.prcp,recent.percent.above.prcp.anomaly,hist.below.prcp.98th,hist.anomalies.below.prcp,recent.percent.below.prcp.anomaly,SiteID
58.00513086,1921,4.545454545,66.06318436,1950,9.090909091,32.28793676,1930,0,ABLI
58.00513086,1998,4.545454545,66.06318436,1979,9.090909091,32.28793676,1963,0,ABLI
46.85636328,1998,27.27272727,64.02241788,1977,4.545454545,35.18152682,1930,4.545454545,ACAD
46.85636328,1999,27.27272727,64.02241788,1983,4.545454545,35.18152682,1965,4.545454545,ACAD
51.94479688,1998,31.81818182,60.96198019,1983,0,31.48794599,1941,0,ADAM
51.94479688,1999,31.81818182,60.96198019,1996,0,31.48794599,1965,0,ADAM
56.14436328,1991,36.36363636,60.59843596,1975,9.090909091,33.15241911,1935,0,AFBG
56.14436328,1998,36.36363636,60.59843596,1983,9.090909091,33.15241911,1965,0,AFBG
47.32580469,1934,4.545454545,22.78946235,1915,0,10.44351778,1939,13.63636364,AGFO
47.32580469,1981,4.545454545,22.78946235,1923,0,10.44351778,1964,13.63636364,AGFO
60.31998828,1934,27.27272727,34.44312562,1923,4.545454545,10.17410495,1910,4.545454545,ALFL
60.31998828,1954,27.27272727,34.44312562,1941,4.545454545,10.17410495,1956,4.545454545,ALFL
48.918875,1921,4.545454545,54.82710691,1972,18.18181818,26.79297029,1895,0,ALPO
48.918875,1998,4.545454545,54.82710691,1996,18.18181818,26.79297029,1930,0,ALPO
72.12006055,1902,4.545454545,31.84177534,1900,0,5.992264395,1917,0,AMIS
72.12006055,1921,4.545454545,31.84177534,1919,0,5.992264395,1956,0,AMIS
66.49355469,1921,9.090909091,66.38665108,1912,0,33.59675966,1931,0,ANDE
66.49355469,1990,9.090909091,66.38665108,1964,0,33.59675966,1954,0,ANDE
59.28819336,1921,4.545454545,54.56328279,1901,18.18181818,31.30156558,1925,4.545454545,ANJO
59.28819336,1998,4.545454545,54.56328279,1957,18.18181818,31.30156558,1941,4.545454545,ANJO
55.47374609,1991,18.18181818,50.99046198,1972,9.090909091,28.36522207,1930,4.545454545,ANTI
55.47374609,1998,18.18181818,50.99046198,1996,9.090909091,28.36522207,1965,4.545454545,ANTI
57.51411523,1921,27.27272727,60.80745571,1937,13.63636364,26.97361436,1930,0,APCO
57.51411523,1998,27.27272727,60.80745571,1972,13.63636364,26.97361436,1963,0,APCO
49.04501563,1990,13.63636364,81.25478439,1901,13.63636364,45.46112974,1925,4.545454545,APPA
49.04501563,1998,13.63636364,81.25478439,1957,13.63636364,45.46112974,1941,4.545454545,APPA
56.17574609,1934,50,14.66527282,1927,0,4.196713521,1900,4.545454545,ARCH
56.17574609,1981,50,14.66527282,1941,0,4.196713521,1956,4.545454545,ARCH
58.19505078,1990,22.72727273,56.26580032,1948,13.63636364,29.98114696,1930,0,ARHO
58.19505078,1998,22.72727273,56.26580032,1972,13.63636364,29.98114696,1954,0,ARHO
64.93640234,1921,4.545454545,70.66125123,1957,4.545454545,34.94259197,1943,4.545454545,ARPO
64.93640234,1998,4.545454545,70.66125123,1991,4.545454545,34.94259197,1954,4.545454545,ARPO
52.23027734,1934,54.54545455,20.14219365,1941,0,5.609917876,1917,9.090909091,AZRU
52.23027734,1954,54.54545455,20.14219365,1986,0,5.609917876,1950,9.090909091,AZRU
50.0200625,1934,18.18181818,24.7913555,1915,4.545454545,8.711337352,1936,0,BADL
50.0200625,1999,18.18181818,24.7913555,1993,4.545454545,8.711337352,1961,0,BADL
52.37870703,1954,40.90909091,24.79298413,1919,0,9.181669845,1917,0,BAND
52.37870703,1981,40.90909091,24.79298413,1941,0,9.181669845,1956,0,BAND
55.47993945,1934,18.18181818,20.06399791,1941,4.545454545,7.402622109,1934,13.63636364,BEOL
55.47993945,1954,18.18181818,20.06399791,1942,4.545454545,7.402622109,1937,13.63636364,BEOL
58.32446094,1991,22.72727273,56.13949003,1948,13.63636364,30.14066345,1930,0,BEPA
58.32446094,1998,22.72727273,56.13949003,1972,13.63636364,30.14066345,1954,0,BEPA
67.3071582,1921,9.090909091,24.95606391,1941,0,6.630593319,1933,4.545454545,BIBE
67.3071582,1998,9.090909091,24.95606391,1986,0,6.630593319,1953,4.545454545,BIBE
47.08685938,1934,18.18181818,26.49523253,1964,0,10.89590151,1919,9.090909091,BICA
47.08685938,1999,18.18181818,26.49523253,1978,0,10.89590151,1960,9.090909091,BICA
64.78596875,1921,4.545454545,77.31555733,1929,0,41.51457769,1896,9.090909091,BICR
64.78596875,1927,4.545454545,77.31555733,1961,0,41.51457769,1931,9.090909091,BICR
76.47044141,1990,27.27272727,75.14314561,1947,0,40.40833385,1956,0,BICY
76.47044141,1998,27.27272727,75.14314561,1999,0,40.40833385,1988,0,BICY
38.59848828,1934,27.27272727,22.16486528,1911,0,10.67527836,1935,0,BIHO
38.59848828,1953,27.27272727,22.16486528,1927,0,10.67527836,1974,0,BIHO
57.34450977,1921,9.090909091,64.87397269,1929,18.18181818,36.19148007,1930,0,BISO
57.34450977,1998,9.090909091,64.87397269,1989,18.18181818,36.19148007,1947,0,BISO
69.10875195,1933,13.63636364,79.41741665,1973,9.090909091,31.06515287,1917,0,BITH
69.10875195,1998,13.63636364,79.41741665,1979,9.090909091,31.06515287,1924,0,BITH
46.13316406,1981,54.54545455,28.8756167,1941,0,11.84790231,1900,4.545454545,BLCA
46.13316406,1999,54.54545455,28.8756167,1957,0,11.84790231,1989,4.545454545,BLCA
52.1759375,1990,18.18181818,72.70408311,1901,13.63636364,36.09480653,1930,0,BLRI
52.1759375,1998,18.18181818,72.70408311,1992,13.63636364,36.09480653,1963,0,BLRI
61.21111035,1954,72.72727273,24.02035377,1900,4.545454545,8.076851709,1953,4.545454545,BLSC
61.21111035,1994,72.72727273,24.02035377,1941,4.545454545,8.076851709,1956,4.545454545,BLSC
55.02510547,1921,9.090909091,51.09972318,1907,13.63636364,28.08392132,1930,0,BLUE
55.02510547,1990,9.090909091,51.09972318,1935,13.63636364,28.08392132,1946,0,BLUE
51.79027344,1998,31.81818182,59.00183625,1983,4.545454545,31.47309301,1941,0,BOAF
51.79027344,1999,31.81818182,59.00183625,1998,4.545454545,31.47309301,1965,0,BOAF
51.79027344,1998,31.81818182,59.00183625,1983,4.545454545,31.47309301,1941,0,BOST
51.79027344,1999,31.81818182,59.00183625,1998,4.545454545,31.47309301,1965,0,BOST
58.06261719,1990,4.545454545,55.00963183,1937,13.63636364,29.48959154,1930,0,BOWA
58.06261719,1998,4.545454545,55.00963183,1989,13.63636364,29.48959154,1963,0,BOWA
45.18847461,1910,36.36363636,25.46493756,1906,4.545454545,9.564034818,1950,4.545454545,BRCA
45.18847461,1934,36.36363636,25.46493756,1941,4.545454545,9.564034818,1956,4.545454545,BRCA
63.41344531,1921,0,79.27705155,1932,0,37.43824742,1941,0,BRCR
63.41344531,1933,0,79.27705155,1991,0,37.43824742,1943,0,BRCR
57.11113086,1934,18.18181818,50.92336368,1951,0,20.45527036,1966,0,BRVB
57.11113086,1954,18.18181818,50.92336368,1973,0,20.45527036,1988,0,BRVB
60.1577832,1954,4.545454545,67.49750707,1927,0,25.64508797,1901,0,BUFF
60.1577832,1998,4.545454545,67.49750707,1945,0,25.64508797,1963,0,BUFF
51.71229102,1934,9.090909091,18.9098702,1940,4.545454545,5.264886811,1950,0,CACH
51.71229102,1996,9.090909091,18.9098702,1941,4.545454545,5.264886811,1989,0,CACH
56.19750195,1991,36.36363636,60.23701095,1975,9.090909091,33.14971703,1935,0,CACL
56.19750195,1998,36.36363636,60.23701095,1983,9.090909091,33.14971703,1965,0,CACL
51.234875,1998,36.36363636,58.09620448,1972,0,30.84868049,1930,0,CACO
51.234875,1999,36.36363636,58.09620448,1996,0,30.84868049,1965,0,CACO
72.17825586,1981,36.36363636,18.4463029,1905,0,4.656440699,1953,13.63636364,CAGR
72.17825586,1996,36.36363636,18.4463029,1941,0,4.656440699,1956,13.63636364,CAGR
60.76990039,1990,18.18181818,61.1527436,1975,9.090909091,30.17173198,1930,0,CAJO
60.76990039,1998,18.18181818,61.1527436,1979,9.090909091,30.17173198,1941,0,CAJO
64.08972852,1981,36.36363636,15.87187346,1941,0,2.415778789,1928,4.545454545,CAMO
64.08972852,1996,36.36363636,15.87187346,1978,0,2.415778789,1950,4.545454545,CAMO
57.66410352,1921,0,60.4229992,1935,18.18181818,30.99479884,1904,0,CANE
57.66410352,1998,0,60.4229992,1950,18.18181818,30.99479884,1930,0,CANE
56.88303711,1934,54.54545455,11.3757305,1941,4.545454545,3.515298967,1950,4.545454545,CANY
56.88303711,1996,54.54545455,11.3757305,1957,4.545454545,3.515298967,1956,4.545454545,CANY
52.40537305,1934,27.27272727,12.99866357,1906,0,4.035679134,1950,0,CARE
52.40537305,1996,27.27272727,12.99866357,1957,0,4.035679134,1955,0,CARE
68.15400195,1933,9.090909091,73.92347902,1919,13.63636364,33.71001323,1943,4.545454545,CARI
68.15400195,1998,9.090909091,73.92347902,1968,13.63636364,33.71001323,1954,4.545454545,CARI
57.93158984,1990,9.090909091,87.11345349,1901,9.090909091,39.67251323,1925,0,CARL
57.93158984,1998,9.090909091,87.11345349,1964,9.090909091,39.67251323,1930,0,CARL
71.49996875,1990,36.36363636,71.46478839,1953,0,33.23823358,1917,0,CASA
71.49996875,1998,36.36363636,71.46478839,1964,0,33.23823358,1990,0,CASA
52.39875781,1991,13.63636364,61.85403236,1975,9.090909091,30.25543799,1930,0,CATO
52.39875781,1998,13.63636364,61.85403236,1996,9.090909091,30.25543799,1941,0,CATO
60.94499023,1998,27.27272727,27.60196389,1941,0,5.945841535,1924,4.545454545,CAVE
60.94499023,1999,27.27272727,27.60196389,1986,0,5.945841535,1951,4.545454545,CAVE
49.59693945,1934,4.545454545,26.85948419,1941,0,10.50117803,1934,4.545454545,CAVO
49.59693945,1954,4.545454545,26.85948419,1942,0,10.50117803,1956,4.545454545,CAVO
58.32446094,1991,22.72727273,56.13949003,1948,13.63636364,30.14066345,1930,0,CAWO
58.32446094,1998,22.72727273,56.13949003,1972,13.63636364,30.14066345,1954,0,CAWO
55.61366797,1990,13.63636364,47.58077018,1942,9.090909091,25.29883581,1930,0,CEBE
55.61366797,1998,13.63636364,47.58077018,1996,9.090909091,25.29883581,1943,0,CEBE
40.81876367,1934,50,44.33086553,1906,0,17.25774637,1956,9.090909091,CEBR
40.81876367,1996,50,44.33086553,1941,0,17.25774637,1959,9.090909091,CEBR
62.69191602,1934,50,32.32082769,1983,0,7.310050135,1898,4.545454545,CECH
62.69191602,1996,50,32.32082769,1998,0,7.310050135,1989,4.545454545,CECH
65.52478906,1910,54.54545455,14.99807917,1905,4.545454545,3.355464136,1917,0,CHAM
65.52478906,1934,54.54545455,14.99807917,1958,4.545454545,3.355464136,1934,0,CHAM
62.34287891,1921,18.18181818,68.85133489,1929,18.18181818,34.80449834,1904,4.545454545,CHAT
62.34287891,1998,18.18181818,68.85133489,1964,18.18181818,34.80449834,1954,4.545454545,CHAT
62.29833594,1911,4.545454545,73.6610267,1973,0,37.86849471,1904,9.090909091,CHCH
62.29833594,1921,4.545454545,73.6610267,1979,0,37.86849471,1993,9.090909091,CHCH
51.03887305,1910,40.90909091,15.10573173,1941,4.545454545,4.301484067,1950,0,CHCU
51.03887305,1934,40.90909091,15.10573173,1986,4.545454545,4.301484067,1956,0,CHCU
64.48055469,1921,0,62.04018516,1945,4.545454545,22.29057733,1910,0,CHIC
64.48055469,1954,0,62.04018516,1957,4.545454545,22.29057733,1963,0,CHIC
58.48829492,1950,36.36363636,29.83726316,1905,0,10.54515563,1924,4.545454545,CHIR
58.48829492,1996,36.36363636,29.83726316,1983,0,10.54515563,1947,4.545454545,CHIR
60.65689063,1992,31.81818182,30.68835814,1941,0,4.598975763,1947,9.090909091,CHIS
60.65689063,1997,31.81818182,30.68835814,1983,0,4.598975763,1989,9.090909091,CHIS
56.6757207,1990,31.81818182,57.25537648,1979,9.090909091,28.94454048,1930,4.545454545,CHOH
56.6757207,1998,31.81818182,57.25537648,1996,9.090909091,28.94454048,1965,4.545454545,CHOH
67.65283789,1990,13.63636364,71.56905297,1964,4.545454545,32.1238881,1931,0,CHPI
67.65283789,1998,13.63636364,71.56905297,1994,4.545454545,32.1238881,1954,0,CHPI
64.51993555,1921,4.545454545,74.81721211,1957,4.545454545,34.29852208,1943,0,CHSC
64.51993555,1998,4.545454545,74.81721211,1973,4.545454545,34.29852208,1963,0,CHSC
54.59517969,1921,4.545454545,53.61248616,1929,4.545454545,27.0635673,1934,0,CHYO
54.59517969,1998,4.545454545,53.61248616,1990,4.545454545,27.0635673,1953,0,CHYO
46.91117773,1934,4.545454545,40.37813423,1907,0,14.60647299,1933,0,CIRO
46.91117773,1940,4.545454545,40.37813423,1909,0,14.60647299,1939,0,CIRO
57.35807422,1990,18.18181818,58.32013257,1972,9.090909091,29.55349871,1930,0,CLBA
57.35807422,1998,18.18181818,58.32013257,1996,9.090909091,29.55349871,1954,0,CLBA
58.19505078,1990,22.72727273,56.26580032,1948,13.63636364,29.98114696,1930,0,COGA
58.19505078,1998,22.72727273,56.26580032,1972,13.63636364,29.98114696,1954,0,COGA
53.75498633,1934,36.36363636,16.07023253,1941,0,5.875416769,1900,0,COLM
53.75498633,1994,36.36363636,16.07023253,1957,0,5.875416769,1956,0,COLM
60.94249414,1990,22.72727273,60.22538447,1979,9.090909091,30.44548936,1930,0,COLO
60.94249414,1998,22.72727273,60.22538447,1989,9.090909091,30.44548936,1965,0,COLO
65.69113086,1990,13.63636364,63.52979361,1928,0,31.30873677,1933,0,CONG
65.69113086,1998,13.63636364,63.52979361,1964,0,31.30873677,1954,0,CONG
59.32488477,1989,18.18181818,32.3393424,1905,0,11.57948604,1953,0,CORO
59.32488477,1996,18.18181818,32.3393424,1914,0,11.57948604,1989,0,CORO
61.21984766,1990,9.090909091,69.55296198,1901,4.545454545,34.80067206,1925,9.090909091,COWP
61.21984766,1998,9.090909091,69.55296198,1936,4.545454545,34.80067206,1981,9.090909091,COWP
42.29949219,1934,18.18181818,98.83573911,1950,0,39.67955063,1929,0,CRLA
42.29949219,1992,18.18181818,98.83573911,1996,0,39.67955063,1930,0,CRLA
44.83447461,1934,18.18181818,20.35581324,1907,0,7.617945682,1924,9.090909091,CRMO
44.83447461,1992,18.18181818,20.35581324,1983,0,7.617945682,1934,9.090909091,CRMO
47.26214258,1934,18.18181818,15.83085322,1907,0,6.371169107,1924,4.545454545,CRMP
47.26214258,1992,18.18181818,15.83085322,1983,0,6.371169107,1939,4.545454545,CRMP
56.82147852,1921,0,66.4028005,1972,9.090909091,39.22518455,1930,4.545454545,CUGA
56.82147852,1932,0,66.4028005,1973,9.090909091,39.22518455,1941,4.545454545,CUGA
70.58357422,1990,18.18181818,74.49828525,1947,0,31.69317329,1917,4.545454545,CUIS
70.58357422,1998,18.18181818,74.49828525,1953,0,31.69317329,1931,4.545454545,CUIS
42.36945898,1954,22.72727273,15.56650468,1957,0,6.642184424,1900,4.545454545,CURE
42.36945898,1981,22.72727273,15.56650468,1969,0,6.642184424,1989,4.545454545,CURE
52.5215,1991,22.72727273,45.42767901,1990,4.545454545,25.93310624,1933,0,CUVA
52.5215,1998,22.72727273,45.42767901,1996,4.545454545,25.93310624,1963,0,CUVA
55.30305664,1921,4.545454545,52.61693682,1990,4.545454545,26.09550474,1934,0,DAAV
55.30305664,1998,4.545454545,52.61693682,1996,4.545454545,26.09550474,1987,0,DAAV
58.32446094,1991,22.72727273,56.13949003,1948,13.63636364,30.14066345,1930,0,DDEM
58.32446094,1998,22.72727273,56.13949003,1972,13.63636364,30.14066345,1954,0,DDEM
50.60810938,1990,31.81818182,60.01355038,1902,18.18181818,33.11055456,1930,0,DELA
50.60810938,1998,31.81818182,60.01355038,1996,18.18181818,33.11055456,1965,0,DELA
43.78030273,1934,36.36363636,33.48171444,1982,0,9.01810716,1917,9.090909091,DEPO
43.78030273,1981,36.36363636,33.48171444,1983,0,9.01810716,1947,9.090909091,DEPO
45.96630078,1900,22.72727273,25.36002707,1922,4.545454545,11.02402344,1936,4.545454545,DETO
45.96630078,1999,22.72727273,25.36002707,1923,4.545454545,11.02402344,1952,4.545454545,DETO
61.52305859,1934,31.81818182,8.202572896,1941,4.545454545,0.489723794,1953,0,DEVA
61.52305859,1996,31.81818182,8.202572896,1976,4.545454545,0.489723794,1989,0,DEVA
50.54661523,1990,27.27272727,59.2444482,1945,18.18181818,32.71246309,1964,0,DEWA
50.54661523,1998,27.27272727,59.2444482,1996,18.18181818,32.71246309,1965,0,DEWA
48.92249023,1934,4.545454545,16.84918645,1906,0,5.993822281,1956,4.545454545,DINO
48.92249023,1981,4.545454545,16.84918645,1941,0,5.993822281,1958,4.545454545,DINO
56.20541211,1990,50,56.95478131,1975,9.090909091,33.04406065,1957,0,EDAL
56.20541211,1998,50,56.95478131,1996,9.090909091,33.04406065,1965,0,EDAL
54.47018164,1990,40.90909091,62.89416369,1972,9.090909091,34.56415631,1964,0,EDIS
54.47018164,1998,40.90909091,62.89416369,1983,9.090909091,34.56415631,1965,0,EDIS
50.39120117,1931,4.545454545,44.39263656,1991,22.72727273,20.65159172,1895,0,EFMO
50.39120117,1998,4.545454545,44.39263656,1993,22.72727273,20.65159172,1958,0,EFMO
54.61558203,1991,18.18181818,57.79949865,1975,9.090909091,29.03564222,1930,4.545454545,EISE
54.61558203,1998,18.18181818,57.79949865,1996,9.090909091,29.03564222,1941,4.545454545,EISE
49.09010938,1927,27.27272727,20.12386657,1905,0,4.912566129,1922,0,ELMA
49.09010938,1934,27.27272727,20.12386657,1941,0,4.912566129,1950,0,ELMA
48.91843555,1910,9.090909091,22.97221795,1905,0,7.932880167,1922,0,ELMO
48.91843555,1934,9.090909091,22.97221795,1919,0,7.932880167,1950,0,ELMO
51.55375977,1991,31.81818182,56.39265502,1945,13.63636364,29.46330124,1941,0,ELRO
51.55375977,1998,31.81818182,56.39265502,1996,13.63636364,29.46330124,1964,0,ELRO
60.29833203,1996,27.27272727,40.28728777,1983,0,9.993673105,1929,9.090909091,EUON
60.29833203,1997,27.27272727,40.28728777,1998,0,9.993673105,1976,9.090909091,EUON
76.89013086,1990,40.90909091,76.79474502,1968,0,29.922707,1956,0,EVER
76.89013086,1998,40.90909091,76.79474502,1969,0,29.922707,1961,0,EVER
56.19750195,1991,36.36363636,60.23701095,1975,9.090909091,33.14971703,1935,0,FEHA
56.19750195,1998,36.36363636,60.23701095,1983,9.090909091,33.14971703,1965,0,FEHA
52.35792969,1991,22.72727273,48.96019931,1990,9.090909091,25.05161017,1963,0,FILA
52.35792969,1998,22.72727273,48.96019931,1996,9.090909091,25.05161017,1991,0,FILA
43.07362695,1934,0,20.34896654,1947,4.545454545,8.923961922,1924,0,FLFO
43.07362695,1954,0,20.34896654,1957,4.545454545,8.923961922,1939,0,FLFO
49.07997852,1921,9.090909091,52.52712844,1972,18.18181818,30.4380844,1895,0,FLNI
49.07997852,1998,9.090909091,52.52712844,1996,18.18181818,30.4380844,1930,0,FLNI
62.10843945,1910,36.36363636,24.39213829,1905,0,7.899334092,1924,4.545454545,FOBO
62.10843945,1996,36.36363636,24.39213829,1983,0,7.899334092,1956,4.545454545,FOBO
40.48416992,1934,27.27272727,19.74608914,1965,4.545454545,7.490784941,1910,0,FOBU
40.48416992,1981,27.27272727,19.74608914,1983,4.545454545,7.490784941,1939,0,FOBU
70.65873242,1990,22.72727273,71.47613343,1947,0,31.81926366,1931,4.545454545,FOCA
70.65873242,1998,22.72727273,71.47613343,1991,0,31.81926366,1990,4.545454545,FOCA
61.00981836,1998,40.90909091,26.06607099,1941,4.545454545,7.67850486,1953,4.545454545,FODA
61.00981836,1999,40.90909091,26.06607099,1990,4.545454545,7.67850486,1956,4.545454545,FODA
60.72564453,1921,4.545454545,75.98718627,1957,0,33.11279681,1930,0,FODO
60.72564453,1998,4.545454545,75.98718627,1979,0,33.11279681,1941,0,FODO
70.16757031,1990,13.63636364,71.80355869,1953,0,32.06554042,1931,4.545454545,FOFR
70.16757031,1998,13.63636364,71.80355869,1964,0,32.06554042,1990,4.545454545,FOFR
49.41209961,1934,13.63636364,21.2282711,1915,0,7.747508612,1939,4.545454545,FOLA
49.41209961,1981,13.63636364,21.2282711,1923,0,7.747508612,1974,4.545454545,FOLA
57.40183203,1934,4.545454545,36.75400006,1973,0,13.14636288,1956,0,FOLS
57.40183203,1954,4.545454545,36.75400006,1993,0,13.14636288,1966,0,FOLS
59.08608594,1990,27.27272727,60.79735482,1979,9.090909091,30.21925904,1930,0,FOMC
59.08608594,1998,27.27272727,60.79735482,1996,9.090909091,30.21925904,1965,0,FOMC
61.24818359,1990,36.36363636,58.10720465,1922,13.63636364,28.91612174,1930,0,FOMR
61.24818359,1991,36.36363636,58.10720465,1979,13.63636364,28.91612174,1965,0,FOMR
51.52892773,1921,0,61.06922213,1956,9.090909091,36.54666892,1904,0,FONE
51.52892773,1998,0,61.06922213,1996,9.090909091,36.54666892,1930,0,FONE
68.43742578,1990,22.72727273,68.93014579,1947,0,31.84370848,1931,0,FOPU
68.43742578,1998,22.72727273,68.93014579,1964,0,31.84370848,1954,0,FOPU
59.30591797,1946,4.545454545,59.08503476,1951,4.545454545,23.17885089,1901,0,FOSC
59.30591797,1954,4.545454545,59.08503476,1998,4.545454545,23.17885089,1963,0,FOSC
63.41741211,1921,9.090909091,67.29086184,1945,9.090909091,27.60786017,1936,0,FOSM
63.41741211,1998,9.090909091,67.29086184,1973,9.090909091,27.60786017,1963,0,FOSM
47.99387305,1921,27.27272727,56.36985575,1945,4.545454545,34.10657603,1933,0,FOST
47.99387305,1998,27.27272727,56.36985575,1972,4.545454545,34.10657603,1939,0,FOST
58.32446094,1991,22.72727273,56.13949003,1948,13.63636364,30.14066345,1930,0,FOTH
58.32446094,1998,22.72727273,56.13949003,1972,13.63636364,30.14066345,1954,0,FOTH
49.94194531,1934,36.36363636,25.86676458,1919,0,9.617492003,1956,9.090909091,FOUN
49.94194531,1954,36.36363636,25.86676458,1941,0,9.617492003,1964,9.090909091,FOUN
45.66444336,1931,4.545454545,20.38088398,1906,0,7.891429318,1931,4.545454545,FOUS
45.66444336,1987,4.545454545,20.38088398,1986,0,7.891429318,1934,4.545454545,FOUS
55.51694727,1934,4.545454545,53.33861344,1968,0,24.68224502,1929,0,FOVA
55.51694727,1992,4.545454545,53.33861344,1996,0,24.68224502,1930,0,FOVA
58.47939453,1991,27.27272727,55.57589813,1937,13.63636364,30.06071451,1930,0,FOWA
58.47939453,1998,27.27272727,55.57589813,1948,13.63636364,30.06071451,1965,0,FOWA
58.19505078,1990,22.72727273,56.26580032,1948,13.63636364,29.98114696,1930,0,FRDE
58.19505078,1998,22.72727273,56.26580032,1972,13.63636364,29.98114696,1954,0,FRDE
58.20889648,1991,22.72727273,56.20535033,1948,13.63636364,30.12137211,1930,0,FRDO
58.20889648,1998,22.72727273,56.20535033,1972,13.63636364,30.12137211,1954,0,FRDO
54.68114844,1921,0,53.45616542,1956,13.63636364,29.86348271,1930,0,FRHI
54.68114844,1998,0,53.45616542,1996,13.63636364,29.86348271,1965,0,FRHI
51.33156055,1998,36.36363636,60.58308471,1983,4.545454545,31.22651944,1941,0,FRLA
51.33156055,1999,36.36363636,60.58308471,1996,4.545454545,31.22651944,1965,0,FRLA
63.79994727,1921,9.090909091,71.39771777,1920,4.545454545,38.32942606,1896,9.090909091,FRRI
63.79994727,1927,9.090909091,71.39771777,1929,4.545454545,38.32942606,1986,9.090909091,FRRI
57.0804043,1990,27.27272727,57.3847564,1948,9.090909091,30.80072435,1930,0,FRSP
57.0804043,1998,27.27272727,57.3847564,1972,9.090909091,30.80072435,1965,0,FRSP
55.26563281,1990,45.45454545,58.80441683,1979,13.63636364,31.1990542,1930,0,FRST
55.26563281,1998,45.45454545,58.80441683,1996,13.63636364,31.1990542,1965,0,FRST
55.3499082,1921,4.545454545,60.1634089,1950,9.090909091,35.30393701,1904,0,GARI
55.3499082,1990,4.545454545,60.1634089,1972,9.090909091,35.30393701,1930,0,GARI
55.59855078,1991,36.36363636,61.1338675,1972,9.090909091,32.9617372,1935,0,GEGR
55.59855078,1998,36.36363636,61.1338675,1983,9.090909091,32.9617372,1965,0,GEGR
57.47316992,1921,4.545454545,62.52036017,1945,4.545454545,31.14869433,1940,0,GERO
57.47316992,1998,4.545454545,62.52036017,1950,4.545454545,31.14869433,1953,0,GERO
54.59774023,1991,18.18181818,58.50178088,1975,4.545454545,29.56322589,1930,4.545454545,GETT
54.59774023,1998,18.18181818,58.50178088,1996,4.545454545,29.56322589,1941,4.545454545,GETT
59.2356875,1990,22.72727273,56.30689899,1937,13.63636364,28.34985236,1930,0,GEWA
59.2356875,1998,22.72727273,56.30689899,1948,13.63636364,28.34985236,1965,0,GEWA
53.67868555,1910,31.81818182,23.2281373,1905,0,8.000815084,1910,0,GICL
53.67868555,1934,31.81818182,23.2281373,1988,0,8.000815084,1956,0,GICL
39.2215625,1934,9.090909091,98.07054011,1896,0,44.4522484,1939,0,GLAC
39.2215625,1987,9.090909091,98.07054011,1897,0,44.4522484,1952,0,GLAC
59.55607227,1910,18.18181818,13.09841751,1941,0,3.578177288,1956,9.090909091,GLCA
59.55607227,1934,18.18181818,13.09841751,1965,0,3.578177288,1968,9.090909091,GLCA
57.27482422,1992,22.72727273,56.75944728,1940,0,14.79325172,1939,9.090909091,GOGA
57.27482422,1997,22.72727273,56.75944728,1983,0,14.79325172,1976,9.090909091,GOGA
50.50817773,1934,31.81818182,24.96767194,1982,0,9.006405327,1928,0,GOSP
50.50817773,1940,31.81818182,24.96767194,1983,0,9.006405327,1966,0,GOSP
41.59347852,1934,22.72727273,46.14261657,1897,0,15.2437054,1950,4.545454545,GRBA
41.59347852,1940,22.72727273,46.14261657,1918,0,15.2437054,1953,4.545454545,GRBA
60.48083984,1934,31.81818182,19.88641117,1905,0,6.678944697,1899,4.545454545,GRCA
60.48083984,1996,31.81818182,19.88641117,1978,0,6.678944697,1989,4.545454545,GRCA
57.7754668,1991,13.63636364,56.83656342,1972,13.63636364,30.30450141,1930,0,GREE
57.7754668,1998,13.63636364,56.83656342,1979,13.63636364,30.30450141,1965,0,GREE
42.98339258,1934,18.18181818,17.26232007,1975,0,5.745680057,1919,0,GRKO
42.98339258,1953,18.18181818,17.26232007,1980,0,5.745680057,1935,0,GRKO
40.53606055,1987,4.545454545,40.90752338,1950,0,21.22757136,1910,0,GRPO
40.53606055,1998,4.545454545,40.90752338,1977,0,21.22757136,1962,0,GRPO
43.48277832,1934,31.81818182,91.63627584,1938,0,37.22286848,1950,4.545454545,GRSA
43.48277832,1954,31.81818182,91.63627584,1997,0,37.22286848,1962,4.545454545,GRSA
43.48277832,1934,31.81818182,91.63627584,1938,0,37.22286848,1950,4.545454545,GRSA
43.48277832,1954,31.81818182,91.63627584,1997,0,37.22286848,1962,4.545454545,GRSA
50.70145508,1911,4.545454545,85.68353685,1957,13.63636364,50.89860974,1925,9.090909091,GRSM
50.70145508,1921,4.545454545,85.68353685,1989,13.63636364,50.89860974,1941,9.090909091,GRSM
37.97650391,1934,18.18181818,35.54923413,1927,0,15.80497816,1919,0,GRTE
37.97650391,1940,18.18181818,35.54923413,1996,0,15.80497816,1952,0,GRTE
60.10396484,1990,18.18181818,55.16816252,1978,13.63636364,30.22878322,1925,0,GUCO
60.10396484,1998,18.18181818,55.16816252,1979,13.63636364,30.22878322,1941,0,GUCO
56.86803711,1994,45.45454545,23.12234713,1941,9.090909091,5.126311823,1924,0,GUMO
56.86803711,1999,45.45454545,23.12234713,1958,9.090909091,5.126311823,1951,0,GUMO
59.60277734,1938,13.63636364,62.34606761,1945,13.63636364,27.7920291,1953,0,GWCA
59.60277734,1954,13.63636364,62.34606761,1985,13.63636364,27.7920291,1963,0,GWCA
58.5252207,1991,27.27272727,55.48081324,1948,13.63636364,29.826055,1930,0,GWMP
58.5252207,1998,27.27272727,55.48081324,1979,13.63636364,29.826055,1941,0,GWMP
55.43759375,1991,13.63636364,55.08016425,1972,9.090909091,29.49803765,1930,0,HAFE
55.43759375,1998,13.63636364,55.08016425,1996,9.090909091,29.49803765,1965,0,HAFE
52.90527148,1934,18.18181818,14.01761503,1907,0,4.548941929,1939,4.545454545,HAFO
52.90527148,1940,18.18181818,14.01761503,1970,0,4.548941929,1966,4.545454545,HAFO
56.13608398,1991,36.36363636,60.22934301,1972,9.090909091,32.62927534,1935,0,HAGR
56.13608398,1998,36.36363636,60.22934301,1983,9.090909091,32.62927534,1965,0,HAGR
56.36243164,1990,22.72727273,61.04018209,1971,9.090909091,31.09184301,1930,0,HAMP
56.36243164,1998,22.72727273,61.04018209,1996,9.090909091,31.09184301,1941,0,HAMP
49.49642188,1921,4.545454545,47.12136442,1972,18.18181818,26.20326956,1934,0,HART
49.49642188,1998,4.545454545,47.12136442,1976,18.18181818,26.20326956,1962,0,HART
58.42125781,1990,22.72727273,61.26987881,1948,4.545454545,29.90591013,1930,0,HATU
58.42125781,1998,22.72727273,61.26987881,1979,4.545454545,29.90591013,1943,0,HATU
52.08101563,1931,4.545454545,50.70483206,1902,0,22.01292446,1901,0,HEHO
52.08101563,1987,4.545454545,50.70483206,1993,0,22.01292446,1988,0,HEHO
64.73950977,1921,0,74.9893101,1961,4.545454545,36.18022884,1931,4.545454545,HOBE
64.73950977,1927,0,74.9893101,1975,4.545454545,36.18022884,1954,4.545454545,HOBE
55.24339063,1921,9.090909091,50.04948327,1935,13.63636364,26.52243787,1930,0,HOCU
55.24339063,1998,9.090909091,50.04948327,1990,13.63636364,26.52243787,1987,0,HOCU
51.83737695,1991,31.81818182,56.4675366,1945,13.63636364,29.35457985,1941,0,HOFR
51.83737695,1998,31.81818182,56.4675366,1996,13.63636364,29.35457985,1964,0,HOFR
53.73731445,1990,36.36363636,58.18440883,1972,13.63636364,32.60364635,1930,0,HOFU
53.73731445,1998,36.36363636,58.18440883,1996,13.63636364,32.60364635,1965,0,HOFU
54.77260156,1921,9.090909091,43.89492341,1951,0,17.22356668,1955,0,HOME
54.77260156,1934,9.090909091,43.89492341,1993,0,17.22356668,1974,0,HOME
63.85830664,1921,4.545454545,78.3882305,1957,4.545454545,37.40908741,1936,0,HOSP
63.85830664,1954,4.545454545,78.3882305,1973,4.545454545,37.40908741,1943,0,HOSP
55.04818555,1934,27.27272727,18.59856976,1941,0,5.535613004,1950,0,HOVE
55.04818555,1981,27.27272727,18.59856976,1957,0,5.535613004,1989,0,HOVE
56.79431445,1931,13.63636364,59.84063269,1961,0,23.3388595,1901,0,HSTR
56.79431445,1954,13.63636364,59.84063269,1973,0,23.3388595,1936,0,HSTR
51.56913477,1910,18.18181818,19.0877922,1940,0,6.047554749,1899,9.090909091,HUTR
51.56913477,1934,18.18181818,19.0877922,1941,0,6.047554749,1950,9.090909091,HUTR
49.47824023,1931,4.545454545,43.95962106,1938,13.63636364,21.52381582,1895,0,IATR
49.47824023,1998,4.545454545,43.95962106,1959,13.63636364,21.52381582,1958,0,IATR
56.51885352,1990,50,56.71320282,1975,9.090909091,32.90436147,1957,0,INDE
56.51885352,1998,50,56.71320282,1996,9.090909091,32.90436147,1965,0,INDE
52.7635332,1931,4.545454545,51.72033864,1954,0,24.58683255,1899,0,INDU
52.7635332,1998,4.545454545,51.72033864,1990,0,24.58683255,1901,0,INDU
41.84942188,1987,9.090909091,43.19314561,1950,0,20.33808132,1898,0,ISRO
41.84942188,1998,9.090909091,43.19314561,1977,0,20.33808132,1910,0,ISRO
51.73049023,1991,27.27272727,48.70907511,1950,18.18181818,25.83162371,1941,0,JAGA
51.73049023,1998,27.27272727,48.70907511,1996,18.18181818,25.83162371,1963,0,JAGA
70.61950977,1911,22.72727273,82.09014979,1991,4.545454545,38.8773053,1917,0,JAZZ
70.61950977,1927,22.72727273,82.09014979,1998,4.545454545,38.8773053,1924,0,JAZZ
44.64415625,1934,9.090909091,27.5394439,1915,0,12.4406696,1931,0,JECA
44.64415625,1987,9.090909091,27.5394439,1998,0,12.4406696,1960,0,JECA
58.54820117,1921,13.63636364,52.4641517,1898,13.63636364,23.79439438,1930,0,JEFF
58.54820117,1931,13.63636364,52.4641517,1957,13.63636364,23.79439438,1976,0,JEFF
58.32446094,1991,22.72727273,56.13949003,1948,13.63636364,30.14066345,1930,0,JEFM
58.32446094,1998,22.72727273,56.13949003,1972,13.63636364,30.14066345,1954,0,JEFM
70.8180957,1911,9.090909091,82.07815114,1983,4.545454545,39.5782711,1917,0,JELA
70.8180957,1927,9.090909091,82.07815114,1991,4.545454545,39.5782711,1924,0,JELA
66.63064648,1921,9.090909091,70.05308809,1936,0,33.67316991,1931,0,JICA
66.63064648,1990,9.090909091,70.05308809,1964,0,33.67316991,1954,0,JICA
52.44373438,1934,4.545454545,15.55252368,1941,0,5.712224717,1930,0,JODA
52.44373438,1992,4.545454545,15.55252368,1948,0,5.712224717,1939,0,JODA
37.67799805,1934,22.72727273,51.38655112,1896,0,24.48853808,1905,0,JODR
37.67799805,1940,22.72727273,51.38655112,1996,0,24.48853808,1919,0,JODR
51.67748047,1998,31.81818182,59.37748062,1983,0,30.99582462,1941,0,JOFI
51.67748047,1999,31.81818182,59.37748062,1996,0,30.99582462,1965,0,JOFI
50.93472266,1921,4.545454545,51.30375861,1972,13.63636364,29.73189284,1895,0,JOFL
50.93472266,1998,4.545454545,51.30375861,1996,13.63636364,29.73189284,1930,0,JOFL
60.25711719,1996,18.18181818,40.80943344,1982,0,10.22825572,1929,9.090909091,JOMU
60.25711719,1997,18.18181818,40.80943344,1983,0,10.22825572,1976,9.090909091,JOMU
66.45824609,1934,40.90909091,21.202293,1941,0,2.041164801,1950,9.090909091,JOTR
66.45824609,1996,40.90909091,21.202293,1992,0,2.041164801,1956,9.090909091,JOTR
42.51198828,1998,22.72727273,57.56564653,1954,9.090909091,32.75627461,1905,4.545454545,KAWW
42.51198828,1999,22.72727273,57.56564653,1983,9.090909091,32.75627461,1965,4.545454545,KAWW
62.23998828,1921,18.18181818,71.90793092,1929,9.090909091,36.45731268,1904,9.090909091,KEMO
62.23998828,1927,18.18181818,71.90793092,1964,9.090909091,36.45731268,1954,9.090909091,KEMO
43.48918555,1987,9.090909091,41.86074219,1950,0,19.95676212,1910,0,KEWE
43.48918555,1998,9.090909091,41.86074219,1968,0,19.95676212,1923,0,KEWE
35.44684766,1934,45.45454545,58.99731945,1906,0,15.84788078,1947,9.090909091,KICA
35.44684766,1996,45.45454545,58.99731945,1982,0,15.84788078,1961,9.090909091,KICA
61.45049023,1990,13.63636364,65.50695589,1929,0,32.833746,1925,9.090909091,KIMO
61.45049023,1998,13.63636364,65.50695589,1936,0,32.833746,1954,9.090909091,KIMO
45.593,1931,4.545454545,22.54505106,1914,9.090909091,8.11854546,1917,0,KNRI
45.593,1987,4.545454545,22.54505106,1982,9.090909091,8.11854546,1936,0,KNRI
58.19505078,1990,22.72727273,56.26580032,1948,13.63636364,29.98114696,1930,0,KOWA
58.19505078,1998,22.72727273,56.26580032,1972,13.63636364,29.98114696,1954,0,KOWA
49.65210547,1934,13.63636364,21.13228654,1995,0,6.810429995,1959,4.545454545,LABE
49.65210547,1992,13.63636364,21.13228654,1998,0,6.810429995,1976,4.545454545,LABE
40.86082227,1926,4.545454545,70.66214782,1933,0,31.21419937,1929,0,LACH
40.86082227,1958,4.545454545,70.66214782,1948,0,31.21419937,1952,0,LACH
72.84538086,1981,36.36363636,11.57916769,1941,0,1.428841658,1956,4.545454545,LAKE
72.84538086,1996,36.36363636,11.57916769,1978,0,1.428841658,1964,4.545454545,LAKE
60.53422461,1934,22.72727273,34.14134012,1923,4.545454545,10.16821943,1910,4.545454545,LAMR
60.53422461,1954,22.72727273,34.14134012,1941,4.545454545,10.16821943,1956,4.545454545,LAMR
51.06311328,1934,4.545454545,17.68538386,1948,0,6.206529897,1928,0,LARO
51.06311328,1958,4.545454545,17.68538386,1983,0,6.206529897,1929,0,LARO
44.43233398,1926,22.72727273,83.14785771,1906,0,26.5679303,1932,4.545454545,LAVO
44.43233398,1934,22.72727273,83.14785771,1983,0,26.5679303,1976,4.545454545,LAVO
55.27155078,1921,4.545454545,49.12550289,1973,0,20.3523376,1953,0,LECL
55.27155078,1931,4.545454545,49.12550289,1993,0,20.3523376,1988,0,LECL
51.98072656,1926,13.63636364,106.505944,1933,0,50.1271146,1929,0,LEWI
51.98072656,1958,13.63636364,106.505944,1950,0,50.1271146,1930,0,LEWI
49.01839648,1934,4.545454545,22.71593104,1912,4.545454545,8.25301581,1934,0,LIBI
49.01839648,1999,4.545454545,22.71593104,1978,4.545454545,8.25301581,1960,0,LIBI
58.09211914,1921,4.545454545,68.47548751,1950,0,29.49600455,1930,0,LIBO
58.09211914,1998,4.545454545,68.47548751,1979,0,29.49600455,1953,0,LIBO
55.57687109,1921,9.090909091,51.33862728,1926,4.545454545,24.48570066,1914,0,LIHO
55.57687109,1931,9.090909091,51.33862728,1927,4.545454545,24.48570066,1940,0,LIHO
58.19505078,1990,22.72727273,56.26580032,1948,13.63636364,29.98114696,1930,0,LINC
58.19505078,1998,22.72727273,56.26580032,1972,13.63636364,29.98114696,1954,0,LINC
61.78976563,1911,0,77.08021807,1932,0,43.97746217,1930,9.090909091,LIRI
61.78976563,1921,0,77.08021807,1946,0,43.97746217,1954,9.090909091,LIRI
51.49540625,1998,31.81818182,59.55970411,1954,0,30.80723425,1941,0,LONG
51.49540625,1999,31.81818182,59.55970411,1983,0,30.80723425,1965,0,LONG
47.9139043,1931,4.545454545,43.67896161,1975,0,18.44091105,1910,0,LOSA
47.9139043,1987,4.545454545,43.67896161,1991,0,18.44091105,1976,0,LOSA
50.86237695,1953,22.72727273,56.82060931,1983,13.63636364,28.75349717,1941,0,LOWE
50.86237695,1998,22.72727273,56.82060931,1996,13.63636364,28.75349717,1965,0,LOWE
58.19505078,1990,22.72727273,56.26580032,1948,13.63636364,29.98114696,1930,0,LYBA
58.19505078,1998,22.72727273,56.26580032,1972,13.63636364,29.98114696,1954,0,LYBA
67.66269922,1927,18.18181818,49.65284664,1919,0,12.89730715,1954,0,LYJO
67.66269922,1933,18.18181818,49.65284664,1957,0,12.89730715,1956,0,LYJO
58.32446094,1991,22.72727273,56.13949003,1948,13.63636364,30.14066345,1930,0,MABE
58.32446094,1998,22.72727273,56.13949003,1972,13.63636364,30.14066345,1954,0,MABE
45.8778125,1998,27.27272727,51.87502614,1983,13.63636364,29.03924705,1963,0,MABI
45.8778125,1999,27.27272727,51.87502614,1996,13.63636364,29.03924705,1965,0,MABI
59.32227734,1921,9.090909091,68.92581816,1950,0,32.02951833,1930,0,MACA
59.32227734,1998,9.090909091,68.92581816,1979,0,32.02951833,1963,0,MACA
58.32446094,1991,22.72727273,56.13949003,1948,13.63636364,30.14066345,1930,0,MALL
58.32446094,1998,22.72727273,56.13949003,1972,13.63636364,30.14066345,1954,0,MALL
63.13945508,1921,18.18181818,69.58819359,1929,18.18181818,34.24357314,1904,4.545454545,MALU
63.13945508,1927,18.18181818,69.58819359,1964,18.18181818,34.24357314,1954,4.545454545,MALU
57.21641797,1990,31.81818182,55.04683501,1972,9.090909091,27.90248677,1930,4.545454545,MANA
57.21641797,1998,31.81818182,55.04683501,1996,9.090909091,27.90248677,1941,4.545454545,MANA
61.25444141,1934,50,8.171084523,1904,0,1.416006398,1929,4.545454545,MANZ
61.25444141,1996,50,8.171084523,1969,0,1.416006398,1990,4.545454545,MANZ
60.52920313,1921,13.63636364,65.71072835,1929,27.27272727,38.35050904,1930,4.545454545,MAPR
60.52920313,1998,13.63636364,65.71072835,1973,27.27272727,38.35050904,1987,4.545454545,MAPR
51.18831641,1990,27.27272727,50.06389179,1990,13.63636364,27.89254583,1964,0,MAVA
51.18831641,1998,27.27272727,50.06389179,1996,13.63636364,27.89254583,1965,0,MAVA
59.91644727,1921,0,58.44442667,1972,13.63636364,27.90086122,1930,0,MAWA
59.91644727,1990,0,58.44442667,1979,13.63636364,27.90086122,1941,0,MAWA
66.85636133,1921,9.090909091,73.75809547,1979,4.545454545,33.25403236,1924,0,MEMY
66.85636133,1927,9.090909091,73.75809547,1983,4.545454545,33.25403236,1952,0,MEMY
48.02391992,1934,45.45454545,33.42394347,1941,0,10.14656435,1950,4.545454545,MEVE
48.02391992,1954,45.45454545,33.42394347,1957,0,10.14656435,1989,4.545454545,MEVE
49.91744141,1934,40.90909091,16.36170952,1907,0,5.040818775,1939,4.545454545,MIIN
49.91744141,1992,40.90909091,16.36170952,1995,0,5.040818775,1966,4.545454545,MIIN
50.98098828,1998,31.81818182,59.16205709,1983,4.545454545,30.30046444,1941,0,MIMA
50.98098828,1999,31.81818182,59.16205709,1996,4.545454545,30.30046444,1965,0,MIMA
50.1467832,1934,9.090909091,25.78674336,1915,4.545454545,9.851882382,1936,0,MIMI
50.1467832,1999,9.090909091,25.78674336,1997,4.545454545,9.851882382,1939,0,MIMI
57.60792969,1921,18.18181818,66.55756644,1935,13.63636364,34.94363466,1930,0,MISP
57.60792969,1931,18.18181818,66.55756644,1950,13.63636364,34.94363466,1980,0,MISP
49.235,1931,4.545454545,38.96180949,1938,18.18181818,16.18632197,1910,0,MISS
49.235,1987,4.545454545,38.96180949,1965,18.18181818,16.18632197,1976,0,MISS
58.19505078,1990,22.72727273,56.26580032,1948,13.63636364,29.98114696,1930,0,MLKM
58.19505078,1998,22.72727273,56.26580032,1972,13.63636364,29.98114696,1954,0,MLKM
51.20543164,1931,4.545454545,37.91024391,1944,4.545454545,14.86827172,1956,0,MNRR
51.20543164,1987,4.545454545,37.91024391,1951,4.545454545,14.86827172,1976,0,MNRR
64.32183594,1934,13.63636364,21.33558225,1905,0,7.132718688,1900,4.545454545,MOCA
64.32183594,1996,13.63636364,21.33558225,1965,0,7.132718688,1956,4.545454545,MOCA
63.88956055,1990,13.63636364,66.37450634,1996,13.63636364,37.57749446,1923,4.545454545,MOCR
63.88956055,1998,13.63636364,66.37450634,1999,13.63636364,37.57749446,1931,4.545454545,MOCR
65.57425391,1981,36.36363636,15.26649852,1941,0,2.169963398,1928,0,MOJA
65.57425391,1996,36.36363636,15.26649852,1983,0,2.169963398,1950,0,MOJA
56.34341797,1990,9.090909091,56.80481053,1937,9.090909091,29.95127799,1930,0,MONO
56.34341797,1998,9.090909091,56.80481053,1996,9.090909091,29.95127799,1965,0,MONO
34.94785742,1958,4.545454545,174.8117464,1950,0,80.48472256,1929,0,MORA
34.94785742,1992,4.545454545,174.8117464,1972,0,80.48472256,1952,0,MORA
52.598,1991,40.90909091,66.8857468,1975,4.545454545,35.64922336,1963,0,MORR
52.598,1998,40.90909091,66.8857468,1983,4.545454545,35.64922336,1965,0,MORR
46.38441406,1934,9.090909091,29.72103992,1915,4.545454545,13.0549228,1931,0,MORU
46.38441406,1987,9.090909091,29.72103992,1998,4.545454545,13.0549228,1960,0,MORU
57.16107031,1992,22.72727273,71.12002953,1940,0,18.0448419,1939,9.090909091,MUWO
57.16107031,1997,22.72727273,71.12002953,1983,0,18.0448419,1976,9.090909091,MUWO
52.70774609,1934,13.63636364,20.9166477,1941,0,5.515426612,1950,4.545454545,NABR
52.70774609,1996,13.63636364,20.9166477,1965,0,5.515426612,1955,4.545454545,NABR
57.41326367,1990,13.63636364,59.12735298,1979,13.63636364,29.3021023,1930,0,NACA
57.41326367,1998,13.63636364,59.12735298,1996,13.63636364,29.3021023,1965,0,NACA
68.02317383,1911,0,78.01547429,1919,4.545454545,34.18449342,1924,0,NATC
68.02317383,1921,0,78.01547429,1973,4.545454545,34.18449342,1963,0,NATC
64.52099609,1921,0,75.45701895,1932,0,37.44239358,1942,0,NATR
64.52099609,1927,0,75.45701895,1991,0,37.44239358,1943,0,NATR
51.33308398,1934,40.90909091,17.81539739,1906,0,5.701974656,1899,13.63636364,NAVA
51.33308398,1996,40.90909091,17.81539739,1965,0,5.701974656,1902,13.63636364,NAVA
52.88963281,1998,27.27272727,58.69467274,1972,18.18181818,27.55423382,1957,0,NEBE
52.88963281,1999,27.27272727,58.69467274,1983,18.18181818,27.55423382,1965,0,NEBE
50.45317578,1934,4.545454545,32.83343996,1927,0,16.54318252,1974,0,NEPE
50.45317578,1992,4.545454545,32.83343996,1975,0,16.54318252,1987,0,NEPE
54.34371289,1921,4.545454545,52.53840274,1907,13.63636364,28.63204663,1930,0,NERI
54.34371289,1990,4.545454545,52.53840274,1935,13.63636364,28.63204663,1946,0,NERI
56.00274219,1934,9.090909091,35.82877399,1951,0,12.12587814,1956,0,NICO
56.00274219,1954,9.090909091,35.82877399,1993,0,12.12587814,1966,0,NICO
50.88212891,1931,9.090909091,36.56605253,1915,0,13.44734867,1934,9.090909091,NIOB
50.88212891,1934,9.090909091,36.56605253,1977,0,13.44734867,1989,9.090909091,NIOB
64.00599805,1990,13.63636364,69.59024668,1929,0,29.28205893,1925,0,NISI
64.00599805,1998,13.63636364,69.59024668,1964,0,29.28205893,1954,0,NISI
39.96198242,1958,4.545454545,97.3829586,1990,0,46.67664708,1929,0,NOCA
39.96198242,1992,4.545454545,97.3829586,1997,0,46.67664708,1952,0,NOCA
43.94553711,1987,0,41.08964075,1951,0,18.29825603,1910,0,NOCO
43.94553711,1998,0,41.08964075,1968,0,18.29825603,1976,0,NOCO
57.79855273,1921,13.63636364,68.24384381,1973,18.18181818,38.99149237,1930,0,OBRI
57.79855273,1998,13.63636364,68.24384381,1989,18.18181818,38.99149237,1987,0,OBRI
65.52327734,1990,22.72727273,61.72352055,1912,9.090909091,32.73798136,1935,0,OCMU
65.52327734,1998,22.72727273,61.72352055,1929,9.090909091,32.73798136,1954,0,OCMU
40.59558594,1958,13.63636364,209.8289001,1997,0,101.9554242,1929,0,OLYM
40.59558594,1992,13.63636364,209.8289001,1999,0,101.9554242,1985,0,OLYM
46.78096484,1934,22.72727273,98.54866972,1983,0,35.4963921,1976,4.545454545,ORCA
46.78096484,1992,22.72727273,98.54866972,1996,0,35.4963921,1985,4.545454545,ORCA
71.24749414,1989,54.54545455,17.26708446,1932,0,3.780645608,1950,9.090909091,ORPI
71.24749414,1996,54.54545455,17.26708446,1983,0,3.780645608,1956,9.090909091,ORPI
58.43980273,1921,13.63636364,65.66961583,1927,0,26.60309732,1901,0,OZAR
58.43980273,1998,13.63636364,65.66961583,1973,0,26.60309732,1953,0,OZAR
75.86568945,1902,27.27272727,39.67350978,1941,0,11.46726747,1898,0,PAAL
75.86568945,1998,27.27272727,39.67350978,1976,0,11.46726747,1917,0,PAAL
58.32446094,1991,22.72727273,56.13949003,1948,13.63636364,30.14066345,1930,0,PAAV
58.32446094,1998,22.72727273,56.13949003,1972,13.63636364,30.14066345,1954,0,PAAV
54.17992578,1991,36.36363636,63.9034741,1972,9.090909091,34.51517747,1935,0,PAGR
54.17992578,1998,36.36363636,63.9034741,1983,9.090909091,34.51517747,1965,0,PAGR
50.0403125,1934,13.63636364,23.58562223,1941,0,7.872687008,1917,0,PECO
50.0403125,1954,13.63636364,23.58562223,1991,0,7.872687008,1956,0,PECO
55.07802148,1910,31.81818182,17.28714475,1905,0,5.662363127,1899,4.545454545,PEFO
55.07802148,1934,31.81818182,17.28714475,1941,0,5.662363127,1950,4.545454545,PEFO
59.50792578,1921,9.090909091,66.16092212,1945,9.090909091,27.19498954,1963,0,PERI
59.50792578,1954,9.090909091,66.16092212,1973,9.090909091,27.19498954,1980,0,PERI
60.63701563,1921,4.545454545,58.98902251,1975,13.63636364,28.13036725,1930,0,PETE
60.63701563,1998,4.545454545,58.98902251,1979,13.63636364,28.13036725,1965,0,PETE
56.64529883,1897,31.81818182,16.41063146,1919,0,5.612849102,1950,4.545454545,PETR
56.64529883,1900,31.81818182,16.41063146,1941,0,5.612849102,1956,4.545454545,PETR
72.35060352,1989,54.54545455,15.33708938,1905,0,4.13760919,1947,9.090909091,PIMA
72.35060352,1996,54.54545455,15.33708938,1978,0,4.13760919,1956,9.090909091,PIMA
60.51164844,1996,31.81818182,34.16287986,1941,0,6.935174705,1929,4.545454545,PINN
60.51164844,1997,31.81818182,34.16287986,1983,0,6.935174705,1947,4.545454545,PINN
48.13621484,1931,0,34.69507259,1986,18.18181818,14.59347779,1910,0,PIPE
48.13621484,1987,0,34.69507259,1993,18.18181818,14.59347779,1976,0,PIPE
44.2265293,1931,4.545454545,42.05209922,1960,18.18181818,24.63248339,1925,0,PIRO
44.2265293,1998,4.545454545,42.05209922,1979,18.18181818,24.63248339,1936,0,PIRO
58.55464648,1991,31.81818182,55.88252645,1948,13.63636364,29.46320128,1930,0,PISC
58.55464648,1998,31.81818182,55.88252645,1979,13.63636364,29.46320128,1941,0,PISC
57.36017773,1934,36.36363636,18.62963675,1978,0,6.399100332,1956,13.63636364,PISP
57.36017773,1996,36.36363636,18.62963675,1995,0,6.399100332,1964,13.63636364,PISP
66.83011133,1921,13.63636364,76.50507659,1974,0,35.38003353,1896,4.545454545,POPO
66.83011133,1998,13.63636364,76.50507659,1991,0,35.38003353,1924,4.545454545,POPO
55.63835352,1992,31.81818182,60.86537279,1940,0,14.48635427,1939,9.090909091,PORE
55.63835352,1997,31.81818182,60.86537279,1983,0,14.48635427,1976,9.090909091,PORE
57.56885352,1991,36.36363636,55.55716197,1948,4.545454545,27.14076495,1930,0,PRWI
57.56885352,1998,36.36363636,55.55716197,1972,4.545454545,27.14076495,1941,0,PRWI
52.93657813,1931,4.545454545,47.89743172,1902,0,22.67319605,1956,0,PULL
52.93657813,1998,4.545454545,47.89743172,1990,0,22.67319605,1962,0,PULL
59.01922461,1934,40.90909091,9.637610728,1941,0,2.93270331,1899,4.545454545,RABR
59.01922461,1996,40.90909091,9.637610728,1965,0,2.93270331,1977,4.545454545,RABR
54.38295313,1934,31.81818182,98.18548844,1904,0,38.22854023,1923,4.545454545,REDW
54.38295313,1958,31.81818182,98.18548844,1983,0,38.22854023,1976,4.545454545,REDW
68.35469141,1921,18.18181818,63.46719211,1948,0,28.56866695,1931,0,REER
68.35469141,1990,18.18181818,63.46719211,1964,0,28.56866695,1934,0,REER
60.1849707,1921,9.090909091,59.61048844,1975,13.63636364,27.3029912,1930,0,RICH
60.1849707,1990,9.090909091,59.61048844,1979,13.63636364,27.3029912,1941,0,RICH
69.83942773,1921,9.090909091,21.3826095,1914,4.545454545,4.488919476,1917,4.545454545,RIGR
69.83942773,1998,9.090909091,21.3826095,1941,4.545454545,4.488919476,1934,4.545454545,RIGR
52.67310547,1931,18.18181818,41.27288847,1986,4.545454545,20.71123431,1930,0,RIRA
52.67310547,1998,18.18181818,41.27288847,1990,4.545454545,20.71123431,1963,0,RIRA
57.34428125,1990,13.63636364,58.09441745,1972,13.63636364,30.06191868,1930,0,ROCR
57.34428125,1998,13.63636364,58.09441745,1996,13.63636364,30.06191868,1954,0,ROCR
47.09595313,1958,4.545454545,101.8776513,1990,0,49.12092458,1929,0,ROLA
47.09595313,1992,4.545454545,101.8776513,1997,0,49.12092458,1952,0,ROLA
38.64151953,1934,13.63636364,43.44499569,1923,0,20.86555272,1910,0,ROMO
38.64151953,1954,13.63636364,43.44499569,1983,0,20.86555272,1939,0,ROMO
52.15664844,1931,9.090909091,45.55453679,1902,18.18181818,23.20474133,1910,0,RRBH
52.15664844,1998,9.090909091,45.55453679,1965,18.18181818,23.20474133,1976,0,RRBH
61.55911133,1911,0,74.08717858,1989,4.545454545,37.69696727,1931,4.545454545,RUCA
61.55911133,1921,0,74.08717858,1990,4.545454545,37.69696727,1968,4.545454545,RUCA
71.47313281,1927,18.18181818,48.64006213,1919,4.545454545,12.48459031,1917,9.090909091,SAAN
71.47313281,1933,18.18181818,48.64006213,1973,4.545454545,12.48459031,1954,9.090909091,SAAN
44.46929492,1931,4.545454545,43.18460568,1968,0,17.85147484,1910,0,SACN
44.46929492,1998,4.545454545,43.18460568,1991,0,17.85147484,1976,0,SACN
46.64858984,1998,31.81818182,50.98923628,1983,13.63636364,27.57370356,1963,0,SAGA
46.64858984,1999,31.81818182,50.98923628,1996,13.63636364,27.57370356,1965,0,SAGA
58.69033789,1954,36.36363636,37.69159849,1905,0,11.1959661,1924,4.545454545,SAGU
58.69033789,1996,36.36363636,37.69159849,1983,0,11.1959661,1953,4.545454545,SAGU
51.07451563,1998,31.81818182,59.03948234,1954,4.545454545,30.42965059,1941,0,SAIR
51.07451563,1999,31.81818182,59.03948234,1983,4.545454545,30.42965059,1965,0,SAIR
51.93511133,1941,13.63636364,49.92902159,1948,0,25.69748401,1929,0,SAJH
51.93511133,1958,13.63636364,49.92902159,1997,0,25.69748401,1952,0,SAJH
51.18173633,1998,31.81818182,59.18023499,1972,9.090909091,30.58812285,1941,0,SAMA
51.18173633,1999,31.81818182,59.18023499,1983,9.090909091,30.58812285,1965,0,SAMA
63.20537891,1984,40.90909091,37.08044876,1978,0,4.969617372,1947,4.545454545,SAMO
63.20537891,1997,40.90909091,37.08044876,1983,0,4.969617372,1953,4.545454545,SAMO
54.55766797,1934,4.545454545,23.44786387,1915,0,7.356351501,1955,0,SAND
54.55766797,1954,4.545454545,23.44786387,1923,0,7.356351501,1956,0,SAND
55.72242969,1991,36.36363636,59.03500707,1972,9.090909091,32.48559763,1935,0,SAPA
55.72242969,1998,36.36363636,59.03500707,1983,9.090909091,32.48559763,1965,0,SAPA
52.42636133,1934,45.45454545,23.37020946,1907,0,7.573737389,1934,4.545454545,SAPU
52.42636133,1996,45.45454545,23.37020946,1941,0,7.573737389,1956,4.545454545,SAPU
49.36060742,1953,27.27272727,48.07226101,1951,13.63636364,27.77875707,1941,0,SARA
49.36060742,1998,27.27272727,48.07226101,1990,13.63636364,27.77875707,1964,0,SARA
50.70803516,1934,4.545454545,21.57539063,1915,4.545454545,8.13925935,1964,4.545454545,SCBL
50.70803516,1999,4.545454545,21.57539063,1957,4.545454545,8.13925935,1974,4.545454545,SCBL
67.21932031,1921,9.090909091,75.11301673,1929,0,37.73884258,1931,4.545454545,SEMO
67.21932031,1927,9.090909091,75.11301673,1975,0,37.73884258,1954,4.545454545,SEMO
34.82176953,1934,45.45454545,126.3417815,1982,0,30.69709799,1929,9.090909091,SEQU
34.82176953,1996,45.45454545,126.3417815,1983,0,30.69709799,1947,9.090909091,SEQU
52.68773633,1990,22.72727273,63.26478223,1937,9.090909091,30.13830124,1930,0,SHEN
52.68773633,1998,22.72727273,63.26478223,1996,9.090909091,30.13830124,1941,0,SHEN
62.57791602,1921,0,71.64055426,1932,4.545454545,37.5977962,1941,0,SHIL
62.57791602,1998,0,71.64055426,1991,4.545454545,37.5977962,1954,0,SHIL
51.59997852,1990,18.18181818,57.97939991,1983,13.63636364,30.37368971,1964,0,SPAR
51.59997852,1998,18.18181818,57.97939991,1996,13.63636364,30.37368971,1965,0,SPAR
50.62474414,1991,27.27272727,50.60322958,1945,13.63636364,27.84015748,1964,0,STEA
50.62474414,1998,27.27272727,50.60322958,1996,13.63636364,27.84015748,1980,0,STEA
58.72597461,1921,9.090909091,56.18383828,1898,4.545454545,25.40114419,1901,0,STGE
58.72597461,1998,9.090909091,56.18383828,1945,4.545454545,25.40114419,1953,0,STGE
56.19750195,1991,36.36363636,60.23701095,1975,9.090909091,33.14971703,1935,0,STLI
56.19750195,1998,36.36363636,60.23701095,1983,9.090909091,33.14971703,1965,0,STLI
56.14436328,1991,36.36363636,60.59843596,1975,9.090909091,33.15241911,1935,0,STON
56.14436328,1998,36.36363636,60.59843596,1983,9.090909091,33.15241911,1965,0,STON
61.01838477,1921,13.63636364,69.39679811,1989,0,36.37379737,1941,0,STRI
61.01838477,1998,13.63636364,69.39679811,1994,0,36.37379737,1943,0,STRI
49.37638672,1934,31.81818182,23.58864881,1905,0,8.814031742,1901,4.545454545,SUCR
49.37638672,1996,31.81818182,23.58864881,1919,0,8.814031742,1956,4.545454545,SUCR
57.70224219,1934,9.090909091,50.2328002,1951,0,17.83725547,1936,0,TAPR
57.70224219,1954,9.090909091,50.2328002,1973,0,17.83725547,1966,0,TAPR
58.19505078,1990,22.72727273,56.26580032,1948,13.63636364,29.98114696,1930,0,THIS
58.19505078,1998,22.72727273,56.26580032,1972,13.63636364,29.98114696,1954,0,THIS
56.51885352,1990,50,56.71320282,1975,9.090909091,32.90436147,1957,0,THKO
56.51885352,1998,50,56.71320282,1996,9.090909091,32.90436147,1965,0,THKO
56.22285547,1991,36.36363636,61.10116726,1975,9.090909091,32.89908495,1935,0,THRB
56.22285547,1998,36.36363636,61.10116726,1983,9.090909091,32.89908495,1965,0,THRB
49.72779102,1991,31.81818182,47.92710076,1977,0,25.67526913,1934,0,THRI
49.72779102,1998,31.81818182,47.92710076,1996,0,25.67526913,1941,0,THRI
46.24855859,1931,0,21.82059701,1941,9.090909091,6.853326464,1934,0,THRO
46.24855859,1987,0,21.82059701,1982,9.090909091,6.853326464,1936,0,THRO
58.45687109,1991,31.81818182,57.660633,1937,9.090909091,29.23170522,1930,0,THST
58.45687109,1998,31.81818182,57.660633,1979,9.090909091,29.23170522,1941,0,THST
47.93989648,1934,45.45454545,38.3097687,1909,0,15.39012518,1939,4.545454545,TICA
47.93989648,1981,45.45454545,38.3097687,1983,0,15.39012518,1976,4.545454545,TICA
70.35808203,1990,18.18181818,71.40209769,1947,0,30.98200203,1931,4.545454545,TIMU
70.35808203,1998,18.18181818,71.40209769,1991,0,30.98200203,1990,4.545454545,TIMU
69.45798242,1989,54.54545455,31.54752707,1905,0,8.30220534,1903,9.090909091,TONT
69.45798242,1996,54.54545455,31.54752707,1978,0,8.30220534,1956,9.090909091,TONT
66.43825977,1921,0,73.92854792,1964,4.545454545,36.61766578,1927,0,TUAI
66.43825977,1927,0,73.92854792,1975,4.545454545,36.61766578,1954,0,TUAI
66.43825977,1921,0,73.92854792,1964,4.545454545,36.61766578,1927,0,TUIN
66.43825977,1927,0,73.92854792,1975,4.545454545,36.61766578,1954,0,TUIN
49.47899023,1934,13.63636364,18.28860882,1907,0,6.134820989,1959,0,TULE
49.47899023,1992,13.63636364,18.28860882,1998,0,6.134820989,1976,0,TULE
64.9334082,1910,22.72727273,27.28017655,1905,0,8.90051827,1953,0,TUMA
64.9334082,1996,22.72727273,27.28017655,1983,0,8.90051827,1956,0,TUMA
64.39324414,1921,0,75.61889302,1932,0,36.85105192,1941,0,TUPE
64.39324414,1933,0,75.61889302,1991,0,36.85105192,1943,0,TUPE
64.87163867,1934,36.36363636,10.16675843,1941,0,1.28929626,1948,0,TUSK
64.87163867,1996,36.36363636,10.16675843,1978,0,1.28929626,1953,0,TUSK
63.97066016,1934,27.27272727,23.29265348,1905,0,6.640269747,1899,4.545454545,TUZI
63.97066016,1996,27.27272727,23.29265348,1965,0,6.640269747,1956,4.545454545,TUZI
58.23113281,1921,13.63636364,55.06413171,1957,4.545454545,23.76611713,1930,0,ULSG
58.23113281,1938,13.63636364,55.06413171,1993,4.545454545,23.76611713,1976,0,ULSG
48.98498047,1990,31.81818182,53.75557794,1945,9.090909091,30.18313546,1964,4.545454545,UPDE
48.98498047,1998,31.81818182,53.75557794,1996,9.090909091,30.18313546,1965,4.545454545,UPDE
55.02450195,1990,40.90909091,59.86660925,1979,9.090909091,32.24107253,1930,0,VAFO
55.02450195,1998,40.90909091,59.86660925,1996,9.090909091,32.24107253,1965,0,VAFO
43.07922266,1934,36.36363636,31.43798905,1919,0,11.75029835,1950,4.545454545,VALL
43.07922266,1954,36.36363636,31.43798905,1941,0,11.75029835,1956,4.545454545,VALL
51.93592578,1991,31.81818182,55.50578094,1945,13.63636364,29.07715305,1941,0,VAMA
51.93592578,1998,31.81818182,55.50578094,1996,13.63636364,29.07715305,1964,0,VAMA
66.79868164,1911,18.18181818,73.79456201,1923,9.090909091,34.28485636,1924,0,VICK
66.79868164,1921,18.18181818,73.79456201,1983,9.090909091,34.28485636,1952,0,VICK
58.19505078,1990,22.72727273,56.26580032,1948,13.63636364,29.98114696,1930,0,VIVE
58.19505078,1998,22.72727273,56.26580032,1972,13.63636364,29.98114696,1954,0,VIVE
41.80508984,1987,0,35.61184178,1968,9.090909091,18.47286233,1917,0,VOYA
41.80508984,1998,0,35.61184178,1977,9.090909091,18.47286233,1929,0,VOYA
61.22843164,1954,13.63636364,44.34806072,1923,0,12.74816222,1910,4.545454545,WABA
61.22843164,1998,13.63636364,44.34806072,1941,0,12.74816222,1956,4.545454545,WABA
49.04717188,1934,40.90909091,27.74738712,1905,0,10.05025837,1899,4.545454545,WACA
49.04717188,1996,40.90909091,27.74738712,1965,0,10.05025837,1956,4.545454545,WACA
68.51785742,1921,18.18181818,49.38762149,1919,13.63636364,17.020211,1917,0,WACO
68.51785742,1999,18.18181818,49.38762149,1957,13.63636364,17.020211,1954,0,WACO
58.32446094,1991,22.72727273,56.13949003,1948,13.63636364,30.14066345,1930,0,WAMO
58.32446094,1998,22.72727273,56.13949003,1972,13.63636364,30.14066345,1954,0,WAMO
51.6168418,1991,36.36363636,66.23893639,1901,4.545454545,35.03438577,1935,0,WEFA
51.6168418,1998,36.36363636,66.23893639,1983,4.545454545,35.03438577,1965,0,WEFA
58.32446094,1991,22.72727273,56.13949003,1948,13.63636364,30.14066345,1930,0,WHHO
58.32446094,1998,22.72727273,56.13949003,1972,13.63636364,30.14066345,1954,0,WHHO
59.46955273,1934,45.45454545,89.49918645,1983,0,22.93452571,1932,4.545454545,WHIS
59.46955273,1992,45.45454545,89.49918645,1998,0,22.93452571,1976,4.545454545,WHIS
55.62683984,1934,4.545454545,17.28812438,1995,0,7.644008366,1908,0,WHMI
55.62683984,1998,4.545454545,17.28812438,1996,0,7.644008366,1936,0,WHMI
62.47426367,1934,40.90909091,15.23176981,1941,4.545454545,3.786721826,1951,0,WHSA
62.47426367,1994,40.90909091,15.23176981,1984,4.545454545,3.786721826,1956,0,WHSA
48.79200781,1931,9.090909091,28.64586614,1915,0,11.90221918,1936,0,WICA
48.79200781,1934,9.090909091,28.64586614,1998,0,11.90221918,1960,0,WICA
64.83077539,1921,4.545454545,73.2234498,1957,9.090909091,31.00287432,1924,0,WICL
64.83077539,1954,4.545454545,73.2234498,1973,9.090909091,31.00287432,1936,0,WICL
58.45767383,1938,9.090909091,60.38397361,1927,9.090909091,25.81130967,1953,0,WICR
58.45767383,1954,9.090909091,60.38397361,1990,9.090909091,25.81130967,1980,0,WICR
56.94794141,1921,4.545454545,56.25593627,1990,4.545454545,24.70548567,1930,0,WIHO
56.94794141,1998,4.545454545,56.25593627,1996,4.545454545,24.70548567,1934,0,WIHO
50.074625,1921,4.545454545,44.31064838,1972,0,24.85689284,1934,0,WORI
50.074625,1998,4.545454545,44.31064838,1990,0,24.85689284,1965,0,WORI
56.99686719,1990,31.81818182,57.35199926,1972,9.090909091,29.99678888,1930,0,WOTR
56.99686719,1998,31.81818182,57.35199926,1996,9.090909091,29.99678888,1941,0,WOTR
58.27325,1934,31.81818182,13.43898868,1905,4.545454545,4.571770423,1901,4.545454545,WUPA
58.27325,1996,31.81818182,13.43898868,1906,4.545454545,4.571770423,1902,4.545454545,WUPA
58.32446094,1991,22.72727273,56.13949003,1948,13.63636364,30.14066345,1930,0,WWII
58.32446094,1998,22.72727273,56.13949003,1972,13.63636364,30.14066345,1954,0,WWII
58.32446094,1991,22.72727273,56.13949003,1948,13.63636364,30.14066345,1930,0,WWIM
58.32446094,1998,22.72727273,56.13949003,1972,13.63636364,30.14066345,1954,0,WWIM
35.97983398,1934,13.63636364,39.52658711,1899,0,19.26644162,1931,0,YELL
35.97983398,1940,13.63636364,39.52658711,1996,0,19.26644162,1933,0,YELL
44.19743164,1934,18.18181818,93.84389764,1909,0,25.33288939,1947,4.545454545,YOSE
44.19743164,1959,18.18181818,93.84389764,1983,0,25.33288939,1976,4.545454545,YOSE
52.47650586,1934,50,21.83285095,1941,0,6.174975394,1950,4.545454545,YUHO
52.47650586,1954,50,21.83285095,1957,0,6.174975394,1989,4.545454545,YUHO
52.72604492,1934,31.81818182,30.93904405,1941,0,10.74057271,1956,9.090909091,ZION
52.72604492,1996,31.81818182,30.93904405,1978,0,10.74057271,1989,9.090909091,ZION
